id,category
0,1.0
1,0.9999986182253315
2,1.0
3,0.9999945999763749
4,0.9999991703513438
5,0.9999993306476687
6,0.9999998079876927
7,0.9999946488871555
8,0.9999462517758227
9,1.0
10,1.0
11,1.0
12,1.0
13,1.0
14,0.9999983868036308
15,1.0
16,0.999944372102706
17,0.9975892322097517
18,0.9998591318496929
19,0.9999951586722454
